<?xml version="1.0" encoding="UTF-8"?>
<beans xmlns="http://www.springframework.org/schema/beans"
	xmlns:xsi="http://www.w3.org/2001/XMLSchema-instance" 
	xmlns:aop="http://www.springframework.org/schema/aop"	
	xmlns:context="http://www.springframework.org/schema/context"
	xmlns:util="http://www.springframework.org/schema/util"
	 xmlns:p="http://www.springframework.org/schema/p"
	 xmlns:tx="http://www.springframework.org/schema/tx"
	 xmlns:mvc="http://www.springframework.org/schema/mvc"
	xsi:schemaLocation="http://www.springframework.org/schema/beans 
	http://www.springframework.org/schema/beans/spring-beans-4.0.xsd
	 http://www.springframework.org/schema/context
     http://www.springframework.org/schema/context/spring-context-3.0.xsd
     http://www.springframework.org/schema/util 
     http://www.springframework.org/schema/util/spring-util-3.0.xsd
  http://www.springframework.org/schema/aop 
http://www.springframework.org/schema/aop/spring-aop.xsd
http://www.springframework.org/schema/mvc 
	http://www.springframework.org/schema/mvc/spring-mvc-3.2.xsd
	http://www.springframework.org/schema/tx 
		http://www.springframework.org/schema/tx/spring-tx-3.2.xsd">
		<!-- setter injection -->
	<bean id="object1" class="com.cg.bean.BirthdayGreeting" scope="singleton" init-method="cgInit" 
	destroy-method="cgDestroy">
	<property name="firstName" value="Tharani Bose"/>
	</bean>
	<bean id="object2" class="com.cg.bean.NewYearGreetings" scope="singleton">
	<property name="firstName" value="Tharani Bose"/>
	<property name="year" value="2019"></property>
	</bean>
	<!-- Construtor dependency injection -->
  <bean id="object3" class="com.cg.bean.BirthdayGreeting" >
  <constructor-arg value="Tharani Bose"></constructor-arg>
  </bean>
	<bean id="object4" class="com.cg.bean.NewYearGreetings">
  <constructor-arg index="0" value="Tharani Bose"/>
  <constructor-arg index="1" value="2019"/>
  </bean>
</beans>