<?xml version="1.0" encoding="UTF-8"?>
<beans xmlns="http://www.springframework.org/schema/beans"
	xmlns:xsi="http://www.w3.org/2001/XMLSchema-instance" 
	xmlns:aop="http://www.springframework.org/schema/aop"	
	xmlns:context="http://www.springframework.org/schema/context"
	xmlns:util="http://www.springframework.org/schema/util"
	 xmlns:p="http://www.springframework.org/schema/p"
	 xmlns:tx="http://www.springframework.org/schema/tx"
	 xmlns:mvc="http://www.springframework.org/schema/mvc"
	xsi:schemaLocation="http://www.springframework.org/schema/beans 
	http://www.springframework.org/schema/beans/spring-beans-4.0.xsd
	 http://www.springframework.org/schema/context
     http://www.springframework.org/schema/context/spring-context-3.0.xsd
     http://www.springframework.org/schema/util 
     http://www.springframework.org/schema/util/spring-util-3.0.xsd
  http://www.springframework.org/schema/aop 
http://www.springframework.org/schema/aop/spring-aop.xsd
http://www.springframework.org/schema/mvc 
	http://www.springframework.org/schema/mvc/spring-mvc-3.2.xsd
	http://www.springframework.org/schema/tx 
		http://www.springframework.org/schema/tx/spring-tx-3.2.xsd">
		<bean id="homeAddress" class="com.cg.bean.Address">
		<property name="state" value="Tamil Nadu"/>
		<property name="city" value="Madurai"/>
		<property name="zipCode" value="625514"/>
		</bean>
		<bean id="officeAddress" class="com.cg.bean.Address">
		<property name="state" value="Tamil Nadu"/>
		<property name="city" value="Dindigul"/>
		<property name="zipCode" value="625514"/>
		</bean>
		<bean id="object1" class="com.cg.bean.Employee">
		<property name="employeeId" value="1021"/>
		<property name="empName" value="Madurai"/>
		<property name="empSal" value="52100.25"/>
		<property name="empAdd" ref="homeAddress"/>
		</bean>
		<bean id="tharaniObject" class="com.cg.bean.Emplo">
		<property name="employeeId" value="1021"/>
		<property name="empName" value="Madurai"/>
		<property name="empSal" value="52100.25"/>
		<property name="empAdd">
		<list>
		<ref bean="homeAddress"/>
		<ref bean="officeAddress"/>
		</list>
		</property>
		
		
		</bean>
</beans>